,stay type,header,rating,number of reviews,price,city,Guests,Bedrooms,Beds,Baths
40,Entire rental unit in Battersea,Battersea Park Studio Apartment,5.0,6,110,London,2,1,0,1
41,Hostel room in LB of Camden,Large Double Private Basic Room Shared Bathroom,4.42,33,76,London,2,1,1,1
42,Entire serviced apartment in Earls Court,Gorgeous Studio Flat in  Kensington,4.86,57,83,London,2,1,1,1
44,Private room in Whitechapel/Brick Lane,Large and Bright - 10 mins to the CITY of LONDON,4.90,10,25,London,2,1,1,1
47,Entire rental unit in RB of Kensington and Chelsea,Terrific Notting Hill Studio,4.55,218,67,London,1,1,1,1
49,Entire rental unit in City of London,St. Pauls / Bank Loft Apartment- Interior Designer,4.78,137,212,London,2,1,1,1
50,Private room in LB of Islington,Comfortable Room in Kings Cross Zone 1 Eurostar,4.61,109,53,London,2,1,1,2
51,Entire rental unit in LB of Camden,Lovely studio flat in Hampstead,4.84,71,97,London,2,1,1,1
52,Private room in LB of Southwark,Spacious stay for 2 in central London!,4.89,28,61,London,2,1,1,1.5
53,Entire rental unit in Earls Court,Large Studio Apartment At Kensington,4.85,27,133,London,2,1,1,1.5
54,Private room in LB of Camden,(Room E) Euston Station Small Comfy Double Bedroom,4.70,27,46,London,2,1,1,2
55,Entire condominium (condo) in Westminster,Central London Executive Westminster Apartment,4.90,20,157,London,4,1,2,1
56,Entire rental unit in Pimlico,Spacious Studio Near Big Ben,4.84,62,135,London,2,1,0,1
57,Entire rental unit in LB of Haringey,"Lovely 1 bed studio flat in Seven Sisters, London",4.69,32,97,London,2,1,1,1
58,Private room in Southwark,LondonBridge,5.0,4,39,London,1,1,0,2
59,Entire rental unit in Westminster,Executive Apt Near Westminster With Parking & Gym,5.0,11,147,London,3,1,1,1
60,Entire rental unit in LB of Hammersmith & Fulham,Cosy Double studio in Zone 2 Hammersmith (4),4.53,34,62,London,2,1,1,1
61,Entire rental unit in Shoreditch,Brick Lane Shoreditch Studio Apartment,4.77,60,77,London,2,1,1,1
63,Entire serviced apartment in Earls Court,Amazing Studio Flat In Kensington,4.73,60,84,London,2,1,1,1
65,Private room in LB of Camden,(Room B)Comfortable Double Room Euston Kings Cross,4.77,30,48,London,2,1,1,2
66,Private room in Battersea,"Private Double Room,  central London!",4.48,106,41,London,2,1,2,1
67,Entire loft in Southwark,Comfy Studio Flat in Borough/London Bridge,4.86,206,100,London,2,1,1,1
68,Private room in LB of Brent,Double Room in Kilburn 15 Mins to City London 1A1,4.34,203,36,London,2,1,1,1
69,Entire rental unit in LB of Haringey,"Lovely studio flat in Seven Sisters, London",4.52,23,97,London,2,1,1,1
71,Private room in LB of Ealing,Bedroom with en suite shower. Room 5,4.76,169,40,London,2,1,1,1.5
72,Private room in Clerkenwell,chic architect-designed ‚ù§Ô∏ègarden house üåøown entry,4.94,102,87,London,2,1,1,1
73,Private room in LB of Islington,Kings Cross - Studio,4.97,34,63,London,2,1,1,1
74,Entire rental unit in Pimlico,"Compact studio in Central London, Pimlico SW1 ....",4.82,11,80,London,2,1,1,1
75,Entire rental unit in The West End,Golden Square - Classic Studio,4.31,326,155,London,2,1,1,1
76,Private room in Bow,The wonderland room Mile End/Bow,4.17,6,28,London,1,1,0,1
77,Entire rental unit in The West End,"Beautiful Spacious Studio,  Brewer & Regent St",4.39,194,159,London,2,1,1,1.5
80,Entire rental unit in Westminster,"Dream Location, Amazing View of Westminster Abbey",4.92,37,109,London,2,1,1,1
81,Private room in LB of Islington,Large Room in Kings cross Zone 1 Eurostar,4.70,105,56,London,2,1,1,2.5
82,Private room in Bromley-by-Bow,"Large Room + Private Bathroom, E3.",4.90,610,52,London,2,1,1,1
85,Entire rental unit in South Lambeth,modern open plan one bedroom flat,4.89,74,96,London,4,1,2,1
86,Entire rental unit in Rotherhithe,Canada Water Amazing One-Bedroom Apartment,4.50,4,83,London,2,1,1,1
87,Entire condominium (condo) in LB of Camden,CAPITAL | Two Bedroom Apartment with Balcony JT1,4.67,3,212,London,6,2,3,1
88,Private room in LB of Islington,Stylish Room In Kings Cross Eurostar Zone 1,4.72,83,56,London,2,1,1,2
89,Entire guesthouse in LB of Barnet,Guest House in North West London,4.74,155,50,London,2,1,1,1
92,Entire condominium (condo) in LB of Lambeth,One Bedroom flat in London Town house,4.74,19,89,London,2,1,1,1
95,Private room in RB of Kensington and Chelsea,Lovely & bright double room in Kensington :-),4.94,115,41,London,2,1,1,1
96,Private room in LB of Newham,Single bedroom near London Stratford,4.71,513,28,London,1,1,1,1
97,Private room in LB of Ealing,Bedroom with en suite shower. Room 3,4.84,167,41,London,2,1,1,1
98,Entire rental unit in Earls Court,NEW!! Nicely designed studio in South Kensington,4.75,4,113,London,2,1,1,1
99,Entire rental unit in The West End,Covent Garden London Apartment - Interior Designer,4.82,195,206,London,2,1,1,1
100,Room in serviced apartment in Battersea,"Single Room , 2 min from Battersea Park !",4.20,45,32,London,1,1,0,1
103,Private room in LB of Camden,Double Room In Kings Cross Grays Inn Road,4.63,72,55,London,2,1,1,2
106,Entire serviced apartment in Earls Court,Greater London Studio Flat,4.54,13,91,London,2,1,1,1
108,Private room in City of Westminster,Beautiful private room near Kensington Palace,4.70,204,64,London,2,1,1,1
111,Entire rental unit in The West End,5* Super Quiet Central Covent Garden,4.96,26,167,London,2,1,1,1
113,Entire condominium (condo) in Fulham,Luxury 1bed in Chelsea,4.67,6,154,London,2,1,2,1
114,Private room in City of Westminster,Amazing en-suite room in London city centre.,4.86,37,75,London,2,1,1,2
115,Entire rental unit in LB of Haringey,Stylish Elegant flat in Seven Sisters London,4.55,22,97,London,2,1,1,1
118,Private room in LB of Hammersmith & Fulham,West Kensington 6 -Comfy single room,4.50,50,38,London,1,1,1,1
120,Entire rental unit in LB of Camden,Quiet balcony flat in the heart of Camden,5.0,5,129,London,2,1,1,1
121,Entire condominium (condo) in City of Westminster,CAPITAL | Small Studio in Bayswater - LS2,4.33,6,121,London,2,1,1,1
122,Room in boutique hotel in City of Westminster,Sonder | Edgware Road | Double Room near Regent's Park,4.65,43,97,London,2,1,1,1
125,Hostel room in City of Westminster,Private Room Large with Ensuite Bathroom,4.44,27,68,London,2,1,1,1
126,Entire rental unit in RB of Kensington and Chelsea,Notting Hill Hideaway,4.89,9,160,London,2,1,1,1
127,Entire serviced apartment in Earls Court,Bright and Comfy Sudio Flat in Kensington,4.38,26,89,London,2,1,1,1
128,Entire condominium (condo) in City of Westminster,CAPITAL | Stylish Studio in Bayswater - LS9,4.17,6,135,London,2,1,1,1
129,Entire rental unit in Earls Court,London 1 Bedroom Balcony Flat,4.37,30,136,London,3,1,2,1
130,Entire condominium (condo) in LB of Camden,CAPITAL | One Bedroom Apartment in Camden JT4,4.0,4,186,London,4,1,2,1
131,Private room in LB of Islington,"London Skyline View, King‚Äôs Cross",4.61,98,54,London,2,1,1,1
132,Entire rental unit in The West End,Chic 2 bed at Berwick Street with terrace - BR05,4.75,32,288,London,5,2,3,1
134,Entire rental unit in LB of Camden,Cosy single studio in London,4.67,12,76,London,1,1,0,1
136,Entire loft in RB of Kensington and Chelsea,‚òÜ Loft NYC style inside a classy Victorian House,5.0,5,125,London,3,1,2,1
137,Entire rental unit in Chelsea,"Luxury Apartment in Sloane Square, Chelsea - DP4",4.67,18,252,London,2,1,1,1
138,Private room in Fitzrovia,Room In Central London,4.89,9,62,London,2,1,1,1.5
141,Entire rental unit in RB of Kensington and Chelsea,Fabulous Notting Hill Studio,4.57,329,131,London,2,1,1,1
142,Entire rental unit in Belgravia,The Belgravia one bedroom.,4.86,21,153,London,2,1,1,1
144,Entire rental unit in RB of Kensington and Chelsea,Fabulous Portobello Casa - Notting Hill Gate,5.0,3,115,London,2,1,1,1.5
145,Entire rental unit in LB of Camden,Cozy one bedroom flat in Bloomsbury,4.78,18,150,London,3,1,2,1
146,Entire rental unit in LB of Camden,Beautiful family studio in Bloomsbury,5.0,4,138,London,4,1,2,1
149,Entire rental unit in RB of Kensington and Chelsea,"Stunning Studio ,  premium location Notting Hill",4.82,11,133,London,2,1,1,1
150,Entire rental unit in City of Westminster,"Hyde Park/Paddington, Traditional House in Quaint Street",4.96,290,165,London,2,1,1,1
152,Entire rental unit in Westbourne Green,Bright and Modern Bayswater Apartment,4.0,13,150,London,4,1,2,1
153,Entire rental unit in Chelsea,Chelsea&South Kensington Studio Apartment,4.62,249,113,London,2,1,1,1
154,Private room in LB of Camden,Private Double Room In Kings Cross Grays Inn Road,4.60,91,52,London,2,1,1,2
155,Private room in LB of Camden,üåø Super Clean Room In London - Close to Station üåø,4.68,50,102,London,2,1,1,1
157,Entire condominium (condo) in City of Westminster,F19- Bright Studio for 1 near Paddington,4.50,12,54,London,1,1,1,1
158,Entire rental unit in City of Westminster,MSK INN - Studio for 2 with Private  Bathroom,4.80,5,132,London,2,1,1,1
161,Entire condominium (condo) in City of Westminster,CAPITAL | One-Bedroom in Bayswater - LS14,4.14,7,148,London,2,1,0,1.5
166,Entire rental unit in City of Westminster,Harrow Apartment B-382,4.75,8,83,London,3,1,1,1
167,Private room in LB of Tower Hamlets,Bright double room Canary Wharf,4.89,18,20,London,2,1,1,1.5
168,Entire rental unit in Whitechapel/Brick Lane,Sleek studio apartment in vibrant Shoreditch,4.54,13,106,London,4,1,2,1
170,Entire condominium (condo) in City of Westminster,CAPITAL | Modern One-Bedroom in Bayswater - LS8,4.70,10,148,London,2,1,1,1
174,Entire rental unit in Stockwell,Loft-style apartment in Victorian building,5.0,14,103,London,2,1,1,1
175,Entire condominium (condo) in LB of Haringey,Stylish studio flat in London,4.83,6,100,London,2,1,1,1
178,Private room in Pimlico,K3. Double Room with a Sofa and Shared Terrace,4.64,119,49,London,3,1,1,1.5
179,Entire condominium (condo) in Westminster,WESTMINSTER - 1BDR Apartment w Parking 100MPS WiFi,4.50,4,180,London,4,1,2,1
180,Private room in Fulham,Single room with skylight. West Brompton.,5.0,6,32,London,1,1,1,1
182,Entire rental unit in City of Westminster,1 Bedroom Apartment in Exclusive Mayfair - 2 mins from Oxford Street!,4.86,7,164,London,2,1,1,1
184,Entire rental unit in RB of Kensington and Chelsea,"Hidden gem in Kensington, Central London",4.95,142,160,London,4,1,2,1
185,Private room in LB of Southwark,Artistic London Home with peaceful atmosphere,4.91,23,40,London,1,1,1,1
187,Private room in Pimlico,Large comfy Double Room  very close to Victoria.,5.0,5,83,London,2,1,1,1
189,Entire guest suite in LB of Brent,"Central, cosy and modern 1 bed studio/free parking",5.0,14,83,London,2,1,0,1
191,Private room in LB of Camden,Cosy Clean Room with fast wi-fi and television,4.65,386,35,London,1,1,1,1
193,Private room in LB of Tower Hamlets,Cozy & spacious double room close to city centre,4.92,66,44,London,2,1,1,1.5
195,Entire rental unit in The West End,Cosy 1 bed at Bow Street - BS01,4.45,104,215,London,4,1,2,1
196,Entire rental unit in City of Westminster,Premium Studio @ MSK INN,4.29,17,152,London,2,1,1,1
197,Entire rental unit in LB of Hammersmith & Fulham,Large studio with parking ANTIVIRUS treatment,4.46,56,71,London,2,1,1,1
198,Private room in LB of Islington,Lovely private double room at zone 2 Holloway Road,4.92,24,31,London,2,1,1,1
199,Private room in Poplar,Bright Small Double Room Near Canary Wharf,5.0,6,37,London,1,1,1,1.5
200,Entire rental unit in City of Westminster,"New Modern Studio, 7 min to Oxford Street",5.0,4,162,London,2,1,1,1
201,Entire condominium (condo) in City of Westminster,Lovely One-bedroom Flat in Central London,4.71,7,103,London,2,1,1,1.5
202,Entire loft in Clerkenwell,Luxury Studio  in Clerkenwell,4.79,336,179,London,2,1,1,1
203,Private room in LB of Islington,Room with Private balcony near King‚Äôs Cross,4.67,82,52,London,1,1,1,1
204,Entire condominium (condo) in LB of Camden,CAPITAL | Three Bedroom Apartment with Balcony JT7,4.33,3,248,London,6,3,3,2
205,Entire rental unit in Poplar,Skyline View Apartment by the Canal,4.93,28,158,London,4,1,1,1
206,Entire rental unit in Chelsea,CAPITAL | Studio Apartment Chelsea Cloisters Ap327,4.67,3,180,London,2,1,1,1
207,Entire rental unit in South Lambeth,"Luxury flat with gym, spa and pool all bills paid",4.88,8,151,London,2,1,1,1
209,Entire rental unit in City of Westminster,Paddington studio,4.40,15,103,London,2,1,1,1
210,Private room in LB of Camden,"European Hotel, Kings cross, Single en suite",4.33,3,69,London,1,1,1,1
212,Private room in LB of Lambeth,Double Room next to Waterloo Station- 1,4.77,31,76,London,2,1,1,1
213,Entire rental unit in RB of Kensington and Chelsea,Quintessentially Notting Hill Studio,4.44,288,129,London,2,1,1,1
215,Private room in LB of Camden,SUPER DISCOUNT1 MODERN TRIPPLE ROOM IN CAMDEN TOWN,4.67,69,67,London,2,1,2,1.5
217,Entire condominium (condo) in Fitzrovia,Stay&Co Classic Studio Apartment,4.91,11,232,London,2,1,1,1
218,Entire rental unit in City of Westminster,Newly renovated Lancaster Gate apartment(18.1,4.75,4,79,London,2,1,1,1
219,Private room in Battersea,Uber Clean & Modern. Perfect for a Stay in London!,4.76,127,83,London,2,1,1,2
0,Entire rental unit in Milano,Candido monolocale in stile minimal a due passi da Corso Buenos Aires,4.92,184,87,Milano,2,1,1,1
1,Entire rental unit in Milano,DUOMO12 - Suite Milano,4.81,91,84,Milano,2,1,1,1
2,Entire rental unit in Milano,PrimoPiano - RG26 Studio,4.61,119,48,Milano,2,1,1,1
3,Entire rental unit in Milano,Romantic Gem In The Heart Of Milan,4.66,124,80,Milano,2,1,1,1
4,Entire condominium (condo) in Milano,LUMIA-LUXURY APARTMENT 100 mt from Central Station,4.88,34,60,Milano,2,1,1,1
5,Entire rental unit in Milano,ALESSI11 - Navigli's Diamond,4.89,55,68,Milano,2,1,1,1
6,Entire condominium (condo) in Milano,Chic & Cheap Apt 1 in Porta Venezia,4.61,548,60,Milano,2,1,1,1
7,Entire condominium (condo) in Milano,FERRARI16 - Quiet&Cozy Bilo in Naviglio District,4.85,27,73,Milano,2,1,1,1
8,Entire loft in Milano,New cozy loft Navigli area wi-fi,4.70,51,50,Milano,2,1,1,1
9,Entire rental unit in Milan,Design and tradition -Majno,4.72,335,55,Milano,2,1,1,1
10,Entire rental unit in Milano,PrimoPiano - Borsieri Flat,4.32,235,57,Milano,2,1,1,1
11,Private room in Milano,Sound Single Room in Creative Loft,4.81,259,40,Milano,1,1,1,1
12,Entire loft in Milano,Central Lovely Loft,4.67,164,36,Milano,3,1,3,1
13,Entire rental unit in Milano,cozy appartment close to the center well connected,4.0,6,57,Milano,2,1,1,1
14,Entire rental unit in Milano,Bright Apt. In Duomo / Navigli,4.76,74,73,Milano,4,1,2,1
15,Entire rental unit in Milano,Enchanting flat in Savona-Tortona-Navigli area,4.76,237,75,Milano,4,1,1,1
16,Entire rental unit in Milano,Beautiful & quiet flat near Loreto,4.79,213,52,Milano,2,1,1,1
17,Entire rental unit in Milano,Bohemian experience in the city center,4.81,105,81,Milano,2,1,1,1
18,Entire condominium (condo) in Milano,Darsena Appartament,5.0,11,91,Milano,2,1,1,1
19,Entire rental unit in Milano,BRAMANTE15 - Ruby in Garibaldi/Arena District,4.79,29,80,Milano,2,1,1,1
20,Entire rental unit in Milano,The Nine - Elettra,4.79,52,103,Milano,2,1,1,1
23,Entire rental unit in Milano,- Luxury Loft in The Heart of Navigli -,4.85,137,92,Milano,4,1,2,1
24,Entire rental unit in Milano,PrimoPiano - Monte Nero Flat,4.67,121,82,Milano,4,1,2,1
25,Entire rental unit in Milano,Duomo Smart Suite Column,5.0,17,80,Milano,2,1,1,1
26,Entire condominium (condo) in Milano,[NAVIGLI-DUOMO] La Casina Wi-Fi Netflix comfort,5.0,3,78,Milano,2,1,1,1.5
27,Entire rental unit in Milano,BRERA - DREAM STUDIO   in the CENTER of MILAN,4.50,28,55,Milano,2,1,0,1
28,Private room in Milano,My Happy Place MM1 Porta Venezia Private entry,4.90,200,70,Milano,2,1,1,1
29,Private room in Milano,‚òÜ Bright Room with A/C ‚òÜ @Milano Central Station,4.29,28,58,Milano,2,1,1,1
30,Entire rental unit in Milano,Silent studio Trendy Isola Garibaldi Metro stop,4.90,42,54,Milano,2,1,1,1
31,Entire condominium (condo) in Milano,Luminoso Monolocale VI¬∞ piano Bande Nere,4.74,19,43,Milano,2,1,1,1
32,Entire loft in Milano,Loft in a fashion quarter of Milano,4.72,18,62,Milano,2,1,1,1
34,Entire rental unit in Milano,Lovely & Friendly in Central Milan - D,4.32,68,54,Milano,2,1,1,1
35,Entire condominium (condo) in Milano,BILO 4 - RESIDENCE DE LA GARE,5.0,6,75,Milano,2,1,1,1
36,Entire rental unit in Milano,Le Case di Eleonora - Cosy Studio Milano Centro,4.35,17,54,Milano,2,1,1,1
38,Entire rental unit in Milano,Chic Studio @ 500 meters Central Station,4.62,101,53,Milano,2,1,1,1
41,Private room in Milano,"CAMERA LUMINOSA E TRANQUILLA in zona 7, S.Siro",4.89,224,32,Milano,1,1,1,1
42,Entire condominium (condo) in Milano,La Mansarda di Porta Venezia,4.71,7,54,Milano,2,1,2,1
43,Entire rental unit in Milano,Naviglio - Design District Suite,4.82,240,68,Milano,2,1,1,1
44,Entire rental unit in Milano,LUXURY NAVIGLI HOUSE - Milan Centre,4.85,442,92,Milano,2,1,1,1
46,Entire rental unit in Milano,Monolocale nuovissimo e accogliente in Cenisio,4.61,18,64,Milano,2,1,1,1
47,Entire rental unit in Milano,Lovely & Friendly in Central Milan - B,4.50,100,60,Milano,2,1,1,1
49,Entire rental unit in Milano,"B Junior, Porta Venezia New Exclusive Location",4.96,52,81,Milano,2,1,1,1
50,Entire rental unit in Milano,Amazing Central Suite,4.87,253,70,Milano,2,1,1,1
51,Entire rental unit in Milano,The Green Hub,4.40,10,46,Milano,2,1,1,1
52,Entire rental unit in Milano,[GREEN HOUSE] ‚òÖ ‚òÖ ‚òÖ ‚òÖ ‚òÖ ‚Ä¢ Flat with Balcony ‚Ä¢,5.0,9,81,Milano,2,1,1,1
53,Entire condominium (condo) in Milano,Splendid Refurnished close to Bocconi and Navigli,4.67,6,48,Milano,2,1,2,1
54,Entire condominium (condo) in Milano,Grazioso bilocale in zona Bocconi,4.70,10,43,Milano,2,1,2,1
56,Entire rental unit in Milan,"Charming Terrace Flat with Veranda, 15 min Centre",4.69,320,60,Milano,3,1,2,1
59,Entire rental unit in Milano,PrimoPiano - Ripa Flat,4.43,69,57,Milano,2,1,1,1
61,Entire rental unit in Milano,PrimoPiano - Ascanio Flat,4.70,23,72,Milano,4,1,2,1
62,Private room in Milan,Villa Maraviglia 2¬∞ camera,4.57,185,58,Milano,2,1,1,1
63,Entire rental unit in Milano,-Quite Apt. in the Heart of Navigli-,4.79,101,75,Milano,2,1,1,1
64,Private room in Milano,Comfy room in a tree-lined avenue - DesignDistrict,4.76,29,44,Milano,2,1,1,1
66,Private room in Milano,[MILANO DUOMO] SuiteBlue vicino al Duomo di Milano,4.89,19,70,Milano,2,1,1,1
67,Entire rental unit in Milano,The Nine - Penelope,4.76,74,103,Milano,2,1,1,1
68,Entire rental unit in Milano,Little Morandi - Fashion District,4.94,127,110,Milano,2,1,1,1
69,Entire rental unit in Milano,"Aurora, raffinata e romantica suite vicino alla Stazione Centrale",4.73,334,89,Milano,3,1,1,1
70,Entire rental unit in Milano,Wonderful  apartment  wifi-subway-self Check-in,4.85,20,58,Milano,4,1,2,1
71,Entire rental unit in Milano,Elegant Studio @ 500 meters Central Station,4.54,262,54,Milano,2,1,1,1
72,Entire rental unit in Milano,Cosy and comfortable apartment in Milano's heart,4.91,224,65,Milano,3,1,2,1
73,Entire condominium (condo) in Milano,Studio M.Ceneri,4.69,26,43,Milano,2,1,1,1
74,Entire condominium (condo) in Milano,BOCCONI 4 - Emerald Suite,4.91,32,73,Milano,2,1,1,1
75,Entire condominium (condo) in Milano,[ Porta Romana  M3 ] - The Mansion On The Roof,5.0,13,95,Milano,2,1,1,1
76,Entire rental unit in Milano,DUOMO12 - Silence & Comfort for 4 People,4.81,79,108,Milano,4,2,2,1
77,Entire condominium (condo) in Milano,HemerasBoutiqueHomes:Open space a 10min dal centro,4.17,6,66,Milano,2,1,1,1
79,Entire rental unit in Milano,Sweet Home Fara30 - Porta Nuova & Central Station,4.94,17,64,Milano,2,1,1,1
80,Entire rental unit in Milano,"Cozy, charming Flat Isola, Milano. Check in 24h",4.82,11,67,Milano,3,1,2,1
81,Entire condominium (condo) in Milano,Color Design Apartment Porta Romana Bocconi,5.0,4,70,Milano,2,1,1,1
82,Entire rental unit in Milano,TUDOR - 50 meters from Central Station,4.50,316,78,Milano,2,1,1,1
83,Entire rental unit in Milano,LA BEZZECCA  courtyard  home in the heart of Milan,4.93,43,58,Milano,4,1,2,1
84,Entire rental unit in Milano,Charming tiny cozy studio with terrace  in Brera,4.91,392,117,Milano,2,1,1,1
85,Entire rental unit in Milano,Sempione & Garibaldi Cozy Apartment,4.64,28,86,Milano,3,1,2,1
86,Entire condominium (condo) in Milano,"Monolocale in Porta Venezia, Milano",4.81,124,50,Milano,2,1,1,1
87,Entire rental unit in Milano,DUOMO Luxury with Terrace in Prestigious Building,5.0,3,159,Milano,3,1,2,1
88,Entire rental unit in Milano,Navigli_Darsena.Ap.4 Cozy Apartment in Via Magolfa,4.88,118,81,Milano,2,1,1,1
89,Entire rental unit in Milano,Monolocale esclusivo in Brera Milano,4.88,116,103,Milano,2,1,1,1
92,Entire rental unit in Milano,Lust Studio Navigli Milan,4.56,168,58,Milano,2,1,1,1
93,Entire rental unit in Milano,Apartment in Milan Center- CIR 015146-LNI-00098,4.84,124,65,Milano,2,1,1,1
94,Entire rental unit in Milano,Rebecca's Apartments in Brera I,4.63,72,107,Milano,2,1,1,1
95,Entire rental unit in Milano,CALICE: finest between Duomo and Navigli,4.96,25,86,Milano,2,1,2,1
96,Entire rental unit in Milano,Charming and Classy Home in Downtown,4.94,16,87,Milano,4,1,2,1
97,Entire rental unit in Milano,Green Peace Apartment,4.91,35,70,Milano,2,1,2,1.5
98,Entire residential home in Milano,Confortevole appartamento Milano - Via Savona,4.80,10,50,Milano,2,1,1,1
99,Entire rental unit in Milan,PORTA ROMANA subway Wi-Fi EASY & CHEAP in centre !,4.11,185,59,Milano,2,1,1,1
42,Entire serviced apartment in Sch√∂neberg,Modern Rooms in Schoeneberg with Digital Check-In,4.85,491,118,Berlin,2,1,1,1
43,Entire rental unit in Neuk√∂lln,Central City Apartment in Hip Neighborhood,4.88,86,62,Berlin,2,1,1,1
44,Entire rental unit in Mitte,Apartment with a gorgeous view,4.91,191,70,Berlin,3,1,2,1
45,Entire rental unit in Charlottenburg,Cozy Studio for two near the Palace Charlottenburg,4.71,228,64,Berlin,2,1,1,1
46,Private room in Prenzlauer Berg,Peaceful room in central location,4.85,13,35,Berlin,2,1,1,1
48,Private room in Charlottenburg,"Room w/seperate entrance, bathroom",4.74,297,21,Berlin,2,1,2,1.5
49,Entire rental unit in Prenzlauer Berg,"Cosy, stylish Apartment in the heart of Berlin!",4.96,28,94,Berlin,2,1,2,1
50,Entire condominium (condo) in Neuk√∂lln,Cozy flat in the heart of Berlin (Neuk√∂lln),4.67,125,29,Berlin,2,1,1,1
51,Private room in Friedrichshain,Zentrales Zimmer,4.87,38,32,Berlin,2,1,1,1
53,Entire rental unit in Neuk√∂lln,Very Nice Berliner Studio Flat,4.47,34,71,Berlin,2,1,1,1
54,Entire rental unit in Wilmersdorf,Zentral Einzimmerappartement,4.82,22,59,Berlin,2,1,1,1
55,Entire rental unit in Sch√∂neberg,Apartment City Berlin West,4.61,164,71,Berlin,4,1,3,1
56,Entire rental unit in Kreuzberg,Own separate Apartment/TV/WLAN/Kreuzberg,4.77,62,64,Berlin,2,1,1,1
57,Private room in Mitte,Lovely long term @ Mitte Berlin,4.81,27,46,Berlin,2,1,1,1
58,Entire rental unit in Prenzlauer Berg,City apartment Berlin with terrace,4.67,149,75,Berlin,2,1,2,1
59,Entire rental unit in Kreuzberg,Kuschelige Altbauwohnung im bunten Bergmannkiez,4.96,29,75,Berlin,3,1,0,1
60,Private room in Kreuzberg,Central of Karnival of Culture,4.76,90,38,Berlin,2,1,1,1.5
62,Entire rental unit in Mitte,New Green 3 centrally located in Mitte,4.79,24,104,Berlin,2,1,1,1
63,Private room in Kreuzberg,berlin M√∂ckernst,4.86,263,56,Berlin,2,1,0,1
64,Private room in Friedenau,Entire charming home central West-Berlin + piano,5.0,18,44,Berlin,1,1,1,1
65,Private room in Sch√∂neberg,Cosy Sleep inn ~ Great area ‚ú®,4.85,324,42,Berlin,2,1,1,1
66,Entire rental unit in Mitte,Beautiful home in Mitte,4.94,78,47,Berlin,2,1,1,1
67,Entire rental unit in Sch√∂neberg,Top location. Charming 2-room apartment (7),4.37,75,65,Berlin,2,1,2,1
69,Entire rental unit in Moabit,2 Room Apartment in Berlin old building,4.66,77,70,Berlin,3,1,1,1.5
70,Entire rental unit in Neuk√∂lln,Cozy Studio Apartment near Canal,5.0,14,95,Berlin,2,1,1,1
71,Entire loft in Sch√∂neberg,spacious 110m¬≤ Loft in Sch√∂neberg Crellekiez,4.86,49,86,Berlin,2,1,1,1
72,Private room in Friedrichshain,Room for short term visitors,4.76,144,21,Berlin,3,1,2,1
74,Hotel room in Sch√∂neberg,Fancy hotel room for 1 with shared bathroom,4.33,6,62,Berlin,1,1,1,2
75,Private room in Fennpfuhl,Berlin Boh√®me in at the Landsberger Triangle,4.92,158,26,Berlin,2,1,1,1
76,Private room in Wittenau,Gr√ºne Oase in Berlin - Friedrichstr. in 20 min.,4.95,233,35,Berlin,2,1,1,1
77,Entire rental unit in Sch√∂neberg,super apartment in berlin,4.60,11,81,Berlin,2,1,0,1
78,Entire rental unit in Moabit,Top Studio Birkhein* NEW,4.76,131,93,Berlin,2,1,1,1
80,Entire loft in Sch√∂neberg,Boutique Rooftop Apartment 1237 sqf in City West,4.94,192,139,Berlin,2,1,2,1.5
81,Entire condominium (condo) in Charlottenburg,Central Tranquility,4.82,222,52,Berlin,2,1,0,1
82,Entire rental unit in Sch√∂neberg,Central Sunny Roof Top Apartment with Elevator,4.90,40,91,Berlin,4,1,2,1
83,Entire rental unit in Sch√∂neberg,Perfect location! 1-room apt Nollendorfplatz (1),4.15,99,59,Berlin,2,1,1,1
84,Entire rental unit in Wilmersdorf,Modern Apartment / Center of Berlin /Kudamm KaDeWe,4.67,3,85,Berlin,3,1,1,1
85,Entire rental unit in Friedrichshain,Brand New Central Wood Apartment,4.96,23,91,Berlin,4,1,1,1.5
86,Entire rental unit in Kreuzberg,Gem√ºtliches Apartment mit Vogelzwitschern,4.90,376,104,Berlin,2,1,1,1
87,Entire rental unit in Wilmersdorf,The Wilmersdorf Home,4.83,168,58,Berlin,2,2,0,1
88,Entire condominium (condo) in Neuk√∂lln,Cozy studio apartment with lovely balcony,4.67,3,61,Berlin,2,1,1,1
91,Entire rental unit in Neuk√∂lln,Neuk√∂lln apartement with cat,4.62,14,16,Berlin,1,1,1,1
92,Entire rental unit in Halensee,Dachterrassenwohnung 200m vom Ku¬¥Damm entfernt,4.89,9,116,Berlin,2,1,1,1
94,Entire rental unit in Sch√∂neberg,Cozy central 1-room apartment (49).,4.45,64,61,Berlin,2,1,1,1
95,Private room in Friedrichshain,Private room in a  shared beautiful apartment,5.0,14,64,Berlin,2,1,0,1
97,Entire rental unit in Schmargendorf,Helle Souterrainwohnung in 2 Familienhaus,4.73,44,41,Berlin,2,1,2,1
98,Private room in Kreuzberg,Klein und auf Zeit Dein 02/Z/AZ/012938-20,4.89,286,31,Berlin,1,1,1,1
99,Entire rental unit in Charlottenburg,2 room apartment,4.77,227,64,Berlin,3,1,3,1
101,Private room in Zehlendorf,Cozy Apartment,4.91,183,34,Berlin,2,1,1,1
104,Private room in Charlottenburg,Private Room in Central City West / 6,4.45,241,44,Berlin,2,1,1,2
109,Entire rental unit in Friedrichshain,Two lovely rooms in Berlin-Friedrichshain,4.86,177,53,Berlin,4,2,2,1
110,Private room in Neuk√∂lln,Comfortable room in Neuk√∂lln¬¥s best area,4.36,214,30,Berlin,2,1,1,1
111,Private room in Wedding,Eine Gem√ºtliche √úbernachtung in Berlin,4.50,34,27,Berlin,2,1,1,1
112,Entire rental unit in Prenzlauer Berg,Nice and central Apartment in Prenzlauer Berg,4.91,35,77,Berlin,2,1,1,1
116,Entire condominium (condo) in Prenzlauer Berg,CENTRAL COMFORTABLE Apt Prenzlauer Berg near Mitte,4.97,209,84,Berlin,2,1,1,1
117,Entire rental unit in Prenzlauer Berg,9 Apartment in Prime Location,3.67,6,52,Berlin,3,1,1,1
121,Private room in Friedrichshain,Zentrales h√ºbsches Zimmer,4.83,223,45,Berlin,2,1,1,1
127,Private room in Sch√∂neberg,Little room in nice apartment Sch√∂neberg/free bike,4.88,34,29,Berlin,1,1,1,1
128,Entire loft in Charlottenburg,Little converted loft near central bus station ZOB,4.86,14,58,Berlin,2,1,1,1
129,Entire rental unit in Prenzlauer Berg,Cozy studio in Prenzlauer Berg,5.0,3,52,Berlin,3,1,2,1
130,Private room in Charlottenburg,"Cozy, quiet and sunny room",4.73,203,35,Berlin,1,1,0,1.5
131,Entire rental unit in Sch√∂neberg,Sonnig und Ruhig  N√§he Kudamm mit gro√üem Balkon,4.70,20,80,Berlin,2,1,1,1
132,Private room in Falkensee,Private room with Queensize Bed,4.92,359,24,Berlin,2,1,1,1
134,Entire apartment in Mitte,"Nena Apartments Metropolpark ""Studio""",4.52,651,110,Berlin,3,1,2,1
135,Private room in Kreuzberg,Lekkerurlaub Kreuzberg - Room 7,4.96,23,70,Berlin,2,1,1,3
137,Private room in Kreuzberg,Quiet room in a house in the center of Kreuzberg,4.74,221,37,Berlin,2,1,1,1
138,Entire rental unit in Mitte,"Noisy and Boring, 9th floor apartment",4.94,99,74,Berlin,3,1,2,1
139,Entire loft in Sch√∂neberg,"Sunny Loft w Big Terrace, Park and Skyline Views",4.90,244,69,Berlin,2,1,2,1
140,Entire rental unit in Mitte,Cozy Quiet Apartment in the center of Berlin,4.67,42,73,Berlin,2,1,1,1
141,Entire serviced apartment in Friedenau,Super Berlin apartment to visit Berlin,4.80,10,104,Berlin,2,1,2,1
142,Private room in Friedrichshain,Barnimkiez Berlin  (Reg-Nr. 02/Z/AZ009458-19),4.98,128,41,Berlin,4,2,3,1.5
145,Entire rental unit in Mitte,Lovely little studio in the middle of everything,4.90,31,63,Berlin,2,1,0,1
146,Entire rental unit in Mitte,Welcoming central 1-room apartment (76),4.27,79,61,Berlin,2,1,1,1
147,Entire serviced apartment in Friedenau,100 m2 Wohnung in Berlin,4.46,13,153,Berlin,6,3,3,2
148,Private room in Prenzlauer Berg,Einzelzimmer mit Gemeinschaftsbad,4.36,14,56,Berlin,1,1,1,0
149,Entire rental unit in Prenzlauer Berg,"Ruhige, moderne zentrale Dachgeschosswohnung",4.94,128,78,Berlin,2,1,1,1
151,Entire rental unit in Alt-Treptow,Top Lage....l Berlin Tag & Nacht,4.76,38,59,Berlin,2,1,2,1
153,Entire serviced apartment in Wilmersdorf,5 Personen Altbau nahe Kurf√ºrstendamm,4.94,101,89,Berlin,5,2,3,1
154,Entire rental unit in Moabit,Cozy ground flood studio apartment in Moabit,4.82,49,71,Berlin,2,1,1,1
156,Entire rental unit in Mitte,A stylish apartment in the center of true Berlin,4.41,152,76,Berlin,3,1,2,1
158,Entire rental unit in Sch√∂neberg,Apartment Motzstra√üe with separate bedroom (1003),4.96,46,115,Berlin,2,1,2,1
160,Entire rental unit in Wedding,"Cosy apartment , Berlin city center",4.66,226,75,Berlin,4,1,2,1
165,Entire rental unit in Friedrichshain,Spacious & Light & Good Transport,4.94,174,60,Berlin,3,1,2,1
166,Private room in Sch√∂neberg,"Beautiful room in an old building, CENTRAL",4.94,119,37,Berlin,3,1,2,1
167,Private room in Mitte,Cosy and bright private room in Mitte/Kreuzberg,4.96,23,43,Berlin,2,1,1,1
169,Private room in Charlottenburg,Private Room in Central City West / 1,4.53,175,44,Berlin,2,1,1,2
170,Entire rental unit in Kreuzberg,stylish apartment in Kreuzberg 36,4.82,342,81,Berlin,3,1,1,1
171,Entire rental unit in Hansaviertel,Luxury-Apartment 2 With Balcony- Center Of Berlin,4.43,44,109,Berlin,3,1,2,1
172,Entire rental unit in Kreuzberg,MINI APARTMENT IN THE CENTER OF BERLIN ‚ô•,4.60,10,52,Berlin,2,1,1,1
173,Entire apartment in Kreuzberg,"Nena Apartments Moritzplatz ""Studio""",4.45,284,110,Berlin,3,1,1,1
174,Entire rental unit in Tempelhof,"Cozy, quiet Studio Apartment in Tempelhof",4.81,21,46,Berlin,2,1,1,1
175,Private room in Prenzlauer Berg,PalazoNour  im Prenzlauer Berg,4.68,493,41,Berlin,2,1,1,1
176,Entire rental unit in Sch√∂neberg,gem√ºtliche Wohnung im Herzen von Berlin,5.0,3,32,Berlin,1,1,1,1
177,Entire rental unit in Tempelhof,Cozy 1-room apartment,4.79,373,54,Berlin,2,1,0,1
179,Entire rental unit in Moabit,Central Berlin Escape for 4 - APT10,4.39,182,75,Berlin,4,1,1,1
181,Entire rental unit in Reinickendorf,Modern & friendly apartment Berlin,5.0,7,31,Berlin,2,1,2,1
183,Private room in Mitte,"Super central,super quiet,close Rosenthaler Platz",4.88,332,57,Berlin,2,1,1,1
184,Entire rental unit in Mitte,(B6) Central and quiet location in Berlin-Mitte with high-speed wifi,4.96,23,89,Berlin,2,1,1,1
185,Entire rental unit in Kreuzberg,*NEW* fully renovated 1-bedroom Loft Space 1 floor,4.86,339,135,Berlin,4,1,1,1
186,Entire rental unit in Moabit,Central pad Moabit/Mitte *8,4.44,115,68,Berlin,2,1,1,1
187,Entire rental unit in Prenzlauer Berg,Ruhig gelegene & sch√∂ne Wohnung - Prenzlauer Berg.,5.0,5,50,Berlin,2,1,1,1
188,Entire rental unit in Prenzlauer Berg,Beautiful and central,4.57,297,81,Berlin,3,1,2,1
189,Entire rental unit in Prenzlauer Berg,Room with a view in Prenzlauer Berg,4.87,210,58,Berlin,2,1,1,1
190,Entire rental unit in Friedrichshain,‚ô° East Berlin Flat in Friedrichshain ‚ô°,4.91,43,76,Berlin,3,1,2,1
192,Entire rental unit in Kreuzberg,Remise mit Charme,4.81,151,123,Berlin,2,1,1,1
194,Entire condominium (condo) in Mitte,City Alexander Platz Condo / Netflix / Fast WiFi,4.65,94,74,Berlin,2,1,0,1
195,Entire rental unit in Charlottenburg,- U3 1.OG-,4.91,23,87,Berlin,2,1,3,1
196,Entire rental unit in Friedrichshain,Zentrales Studio in Berlin Friedrichshain,5.0,21,70,Berlin,3,1,2,1
199,Entire rental unit in Prenzlauer Berg,Top location. Friendly central 1-r aparment (19),4.30,66,65,Berlin,2,1,1,1
0,Entire rental unit in Palacio,Madrid de los Austrias en todo su esplendor,4.50,4,64,Madrid,2,1,1,1
1,Entire loft in Embajadores,ESTUDIO COLINDANTE CON LA PLAZA MAYOR,4.92,75,57,Madrid,2,1,1,1
3,Entire rental unit in Justicia,BEST STUDIO IN VERY CENTER MADRID FIBRE OPTIC WIFI,4.60,273,35,Madrid,3,1,2,1.5
5,Entire rental unit in Embajadores,Atocha Suite - Madflats Collection,4.60,5,52,Madrid,4,1,2,1
6,Private room in Cortes,Cozy Double Room next to Prado Museum/Atocha,4.65,144,27,Madrid,2,1,1,1
7,Entire rental unit in Arganzuela,"**Studio Centre-Live-In Atocha-WiFi,A/C **",4.85,372,42,Madrid,3,1,2,1
8,Private room in Embajadores,Habitaci√≥n con techos altos y ambiente agradable,4.95,81,22,Madrid,1,1,0,1
9,Entire rental unit in Justicia,Bonito apartamento en pleno Col√≥n,4.77,159,38,Madrid,2,1,1,1
10,Entire serviced apartment in La Latina,Loft en el centro de Madrid,4.80,93,68,Madrid,2,1,1,1
11,Entire rental unit in Justicia,Exterior Studio + Balcony + Center GRAN V√çA,4.70,236,71,Madrid,2,1,1,1
12,Private room in Malasa√±a,Habitaci√≥n pleno centro Madrid,5.0,9,23,Madrid,1,1,1,1
13,Entire rental unit in Arganzuela,"<<<Studio Centre-Live-In-Atocha-WIFI,A/C>>>",4.93,30,46,Madrid,2,1,2,1
14,Entire rental unit in Arganzuela,"<<<<Studio Centre-Live-In-Atocha-WIFI,A/C>>>>",4.98,40,49,Madrid,2,1,2,1
15,Private room in Malasa√±a,Balcony in Centre of Vibrant Malasa√±a,4.90,10,27,Madrid,2,1,1,2
16,Entire rental unit in Sol,Apartamento en Centro Madrid Gran V√≠a - Opera,5.0,10,69,Madrid,2,1,2,1
17,Entire rental unit in Chamber√≠,Estudio Privado,5.0,4,38,Madrid,2,1,1,1
18,Entire rental unit in Malasa√±a,Sunny and modern studio in the heart of Madrid,4.65,442,44,Madrid,2,1,0,1
19,Entire loft in La Latina,Plaza Mayor Attic. OZONE Cleaning. Lift.A/C.WiFi.,4.81,404,87,Madrid,3,1,2,1
20,Entire loft in La Latina,Privacidad en el Madrid de los Austrias,4.92,38,80,Madrid,2,1,1,1
21,Entire rental unit in Arganzuela,"*Studio Centre-Live-In Atocha-WiFi,A/C *",4.90,403,50,Madrid,2,1,2,1
22,Private room in Cortes,Double Room next to Cibeles & Atocha/Museums,4.81,135,31,Madrid,2,1,1,1
23,Private room in Sol,Habitaci√≥n en pleno coraz√≥n de Madrid. Junto a Sol,4.86,112,44,Madrid,2,1,1,1
24,Private room in Embajadores,"Madrid Center: Puerta del Sol, Tirso de Molina",4.63,237,32,Madrid,2,1,1,2
25,Entire rental unit in Embajadores,A CHARM HOUSE IN LAVAPI√âS,4.62,100,46,Madrid,2,1,1,1
26,Private room in Justicia,Habitaci√≥n doble con Ba√±o privado / Chueca /Centro,4.95,112,55,Madrid,2,1,1,1
27,Entire residential home in Embajadores,Monkey‚Äôs loft with views in the downtown,4.86,51,61,Madrid,2,1,1,1
28,Entire rental unit in Justicia,Modern penthouse in the heart of Madrid,4.92,66,104,Madrid,2,1,1,1
29,Entire loft in Embajadores,Luxury Studio Suite en el coraz√≥n de Madrid,4.90,10,66,Madrid,2,1,0,1.5
30,Entire rental unit in Acacias,CENTRAL STUDY/ LOFT IN EMBAJADORES,4.89,257,44,Madrid,2,1,1,1
31,Entire rental unit in La Latina,Apartamento ensue√±o en Barrio de La Latina(Centro),4.85,96,61,Madrid,2,1,1,1
32,Entire rental unit in Sol,* Study Center Plaza Mayor-Sol Wifi-A/C *,4.90,88,72,Madrid,2,1,2,1
33,Entire rental unit in Malasa√±a,Estudio estilo n√≥rdico Madrid (Malasa√±a Gran Via),5.0,16,62,Madrid,2,1,1,1
34,Entire rental unit in Sol,EXTREME CHIC PLACE BY PLAZA MAYOR,4.74,115,77,Madrid,2,1,1,1
35,Entire rental unit in Malasa√±a,"Malasa√±a - Design, light and calmness -NEW!",4.73,26,73,Madrid,3,1,2,1
36,Entire rental unit in Sol,"PUERTA DEL SOL, ESTUDIO LUMINOSO, DISE√ëO Y BALC√ìN",4.96,276,103,Madrid,3,1,0,1.5
37,Entire rental unit in Sol,PENTHOUSE PLAZA MAYOR **Boh√®me Apartment**,4.78,278,116,Madrid,2,1,1,1
38,Entire rental unit in Justicia,Chueca along Gran V√≠a. Sunny and with views.,4.82,225,81,Madrid,4,1,2,1
39,Entire rental unit in Arganzuela,"<Studio Centre-Live-In-Atocha-WIFI,A/C>",4.81,42,52,Madrid,2,1,2,1
40,Entire rental unit in Almagro,Fant√°stico estudio exterior y muy c√©ntrico.,4.83,12,78,Madrid,3,1,2,1
42,Entire loft in Embajadores,El Rastro de La Latina,5.0,8,69,Madrid,2,1,1,1
43,Private room in Sol,FOUR SEASONüè®‚õÑÔ∏è‚òÄÔ∏è‚ú®,4.67,9,23,Madrid,1,1,1,1
46,Entire rental unit in Retiro,"*Center Luxurious Apartment. Museum Mile Wifi,A/C*",4.93,347,88,Madrid,3,1,3,1
47,Entire rental unit in Sol,1.- Studio Private √ìPERA/SOL. With Balcony,4.34,340,61,Madrid,2,1,1,1
48,Entire serviced apartment in Embajadores,Luminoso apartamento en La latina,4.77,43,61,Madrid,2,1,1,1
50,Entire loft in Sol,Loft in Authentic Madrid & 100 Mg WIFI,4.67,15,80,Madrid,3,1,1,1
51,Entire rental unit in Palacio,*****Centre-Sol-Plaza Mayor - SmartTV-WiFi-AC*****,4.68,69,69,Madrid,3,1,3,1
54,Entire condominium (condo) in Cortes,Perfect Apartment in a Magical Madrid,4.77,391,72,Madrid,2,1,1,1
55,Entire rental unit in Embajadores,APARTAMENTO LAVAPI√âS - CENTRO MADRID,4.67,61,35,Madrid,2,1,1,1
57,Entire rental unit in Embajadores,Cozy and central studio,4.67,233,61,Madrid,2,1,1,1
60,Entire rental unit in Embajadores,Bonito Apartamento en Embajadores (interior),4.70,23,52,Madrid,2,1,1,1.5
61,Entire loft in Cortes,Acogedor estudio en el Centro WIFI (4izq),4.81,567,72,Madrid,2,1,0,1
63,Entire rental unit in Palos do Moguer,¬∑¬∑¬∑¬∑¬∑New Studio Atocha-Sol-Centre-WiFi-A/C¬∑¬∑¬∑¬∑¬∑,4.79,256,60,Madrid,3,1,3,1
65,Private room in Cortes,Habitaci√≥n en Centro de Madrid,4.90,29,34,Madrid,1,1,1,1
67,Private room in Justicia,Habitaci√≥n Chueca Int,4.53,17,24,Madrid,2,1,1,1
68,Private room in Sol,Oh My Travel - Madrid - Habitaci√≥n muy amplia,4.93,14,29,Madrid,1,1,2,1.5
69,Private room in Arganzuela,Habitaci√≥n cerca Atocha con WIFI,4.96,238,37,Madrid,2,1,1,1.5
70,Entire loft in Justicia,Loft FUENCARRAL STREET perfect 4 COUPLES or WORK,4.59,222,93,Madrid,2,1,1,1
72,Entire loft in Goya,LOFT IN Salamanca NH,4.40,227,61,Madrid,2,1,2,1
73,Private room in La Latina,Beautiful room with a balcony in the city center,4.58,216,41,Madrid,2,1,1,1
74,Entire rental unit in Cortes,Peque√±o estudio muy c√©ntrico,4.73,94,31,Madrid,1,1,1,1
76,Private room in Cortes,Habitaci√≥n econ√≥mica Centro Atocha Madrid,4.54,294,18,Madrid,2,1,1,1
77,Entire rental unit in Sol,Cozy and quiet apartment in the heart of madrid.,4.85,190,80,Madrid,4,1,1,1
78,Entire loft in Palacio,Acogedor Estudio- Centro-Callao-P. Espa√±a-Gran V√≠a,4.89,228,86,Madrid,2,1,1,1
81,Entire rental unit in Tetu√°n,"Santiago Bernabeu, best Madrid views, WI-Fi, ADSL",4.63,415,56,Madrid,4,1,1,1
85,Entire rental unit in Chamber√≠,Newly refurbished apartment,4.87,69,64,Madrid,2,1,1,1
87,Entire rental unit in Trafalgar,"Central, fully equipped, best price",4.85,295,57,Madrid,2,1,1,1
88,Entire loft in Sol,"ESPECTACULAR LOFT PLAZA MAYOR,MERCADO SAN MIGUEL",4.76,160,67,Madrid,5,1,3,1
89,Entire rental unit in Embajadores,Apartaestudio s√∫per econ√≥mico en Madrid Centro.,4.58,182,56,Madrid,2,1,1,1
90,Private room in Justicia,CHARMING CHUECA STUDIO Gravina Street,4.78,347,64,Madrid,2,1,1,1
93,Hostel room in Justicia,Habitaci√≥n doble | Madrid House Rooms,4.20,20,67,Madrid,2,1,1,1
95,Entire rental unit in Malasa√±a,Cute & Comfy in Malasa√±a,4.28,19,62,Madrid,3,1,2,1
97,Private room in Embajadores,Private Balcony in La Latina 5 Minutes to Sol,4.84,32,33,Madrid,2,1,1,1
98,Entire rental unit in Chamber√≠,√Åtico-Estudio de Madrid al Cielo,4.92,12,79,Madrid,2,1,1,1
99,Entire rental unit in Embajadores,DOBO HOMES SAN ILDEFONSO,4.53,19,59,Madrid,2,1,1,1
100,Entire rental unit in Malasa√±a,Tu hogar en centro de Madrid.,4.69,47,59,Madrid,2,1,1,1
101,Entire rental unit in Palacio,City center Opera-Sol-Royal Palace-San Miguel Mkt,5.0,11,76,Madrid,3,1,3,1
102,Entire rental unit in Cortes,Designer Studio with Home Cinema Plaza Santa Ana,4.81,178,85,Madrid,2,1,1,1
103,Entire rental unit in Salamanca,Estudio completo TINY BLUE MOON,4.68,180,42,Madrid,2,1,1,1
105,Entire rental unit in Malasa√±a,Apartamento Cuqui en Malasa√±a,4.36,14,74,Madrid,2,1,1,1
108,Entire rental unit in Malasa√±a,The Light of Malasa√±a,4.75,12,71,Madrid,2,1,3,1
109,Entire rental unit in Chamber√≠,1.- Estudio Acogedor 2 adultos,4.60,55,65,Madrid,2,1,1,1
110,Private room in Rios Rosas,ALQUILER DE HABITACI√ìN ZONA PRIVILEGIADA,4.33,3,17,Madrid,1,1,1,1
112,Private room in Justicia,Habitaci√≥n con ba√±o privado en Malasa√±a / Chueca,4.92,118,54,Madrid,2,1,1,1
113,Entire rental unit in Arganzuela,"Apartament in Center of Madrid, Atocha",4.34,311,57,Madrid,4,1,2,1
114,Entire rental unit in Salamanca,"Estudio luminoso, ideal para trabajar y descansar.",4.74,58,77,Madrid,3,1,2,1
115,Entire rental unit in Embajadores,SPACIOUS apt. FE (LAVAPI√âS) ideal 4 COUPLES,4.60,162,121,Madrid,3,1,2,1
116,Entire rental unit in Cortes,"Exclusive, with the best views, terrace, museums.",4.79,239,72,Madrid,4,1,3,1
119,Entire rental unit in Malasa√±a,Apart. Wifi Madrid Centre Malasa√±a.,4.85,352,58,Madrid,2,1,2,1
120,Private room in Embajadores,Hab. Doble - Sweet Home,4.52,27,30,Madrid,2,1,1,1
122,Entire rental unit in Sol,"APART. EXP C - CENTRO MADRID,  2PERS!  INTERIOR",4.30,53,91,Madrid,2,1,1,1
123,Entire rental unit in Embajadores,"WONDERFUL SPACIOUS APARTMENT, PERFECT LOCATION",4.96,134,90,Madrid,4,2,2,1
124,Entire loft in Embajadores,Loft vintage chic en el coraz√≥n de la ciudad,4.93,210,101,Madrid,3,1,1,1
125,Entire loft in Goya,MODERN DESIGN LOFT IN THE CENTER OF MADRID,4.55,139,65,Madrid,4,1,2,1
126,Private room in Embajadores,Acogedora habitaci√≥n en zona Plaza Mayor,4.82,179,23,Madrid,1,1,1,1
127,Entire rental unit in Embajadores,LOVELY STUDIO IN OLD TOWN-A/C-WIFI,4.65,546,47,Madrid,3,1,2,1
128,Private room in Malasa√±a,HABITACION PRIVADA EN CENTRO DE MADRID,4.75,4,23,Madrid,2,1,1,4
129,Entire rental unit in Sol,Amazing penthouse-d√∫plex Gran Via/Sol  NEW!,4.80,152,101,Madrid,4,1,2,1.5
130,Entire loft in Embajadores,Blue Apartment en el centro de Madrid,4.75,24,62,Madrid,2,1,1,1
131,Private room in Acacias,Habitaci√≥n privada en el centro de Madrid,4.69,36,23,Madrid,1,1,1,1.5
133,Private room in Malasa√±a,Habitaci√≥n doble en esquina.,4.78,46,92,Madrid,2,1,1,0
134,Entire condominium (condo) in Justicia,Chueca cozy apartment,4.62,34,60,Madrid,2,1,1,1
135,Entire rental unit in Embajadores,"**Studio Centre-La Latina-Sol-WiFi, A/C**",4.76,315,75,Madrid,3,1,2,1
136,Entire rental unit in Palacio,(Almudena) Modern & luxury space near Plaza Mayor,4.46,207,89,Madrid,4,1,2,1
138,Entire rental unit in Palos do Moguer,Charming apartment Reina Sof√≠a WIFI,4.91,248,67,Madrid,4,1,2,1
141,Entire rental unit in Cortes,APART MADRID-HUERTAS/WIFI/AA,4.54,180,68,Madrid,2,1,1,1
142,Entire rental unit in Salamanca,Inmejorable Ubicaci√≥n en Madrid I,4.78,59,93,Madrid,3,1,2,1
143,Entire rental unit in Embajadores,Bonito Apartamento en Lavapies (bis),4.88,219,56,Madrid,2,1,1,1
144,Entire rental unit in Embajadores,Beautiful flat in Lavapies,4.83,269,52,Madrid,2,1,1,1
145,Entire rental unit in Embajadores,Mayrit Suite - Unique apartment in downtown!,4.88,152,69,Madrid,3,1,2,1
146,Entire guesthouse in Sol,Apartamento Unico entre Sol y Plaza Mayor WIFI A/C,4.70,91,63,Madrid,3,1,1,1
147,Entire rental unit in Palacio,Cozy modern apartment - City Center Palacio - WiFi,4.77,114,44,Madrid,4,1,1,1
148,Entire rental unit in Sol,Estudio en el centro de Madrid- Sol,4.28,132,52,Madrid,2,1,1,1
149,Entire rental unit in Cortes,SINGULAR APARTAMENT SANTA ANA TERRACE LUXURY,4.99,157,115,Madrid,3,1,1,1
150,Entire rental unit in La Latina,DOWNTOWN DESIGN APARTMENT WITH PATIO,4.64,162,83,Madrid,4,1,2,1
151,Entire rental unit in Malasa√±a,1.Cute Apartment next to Gran Via and Plaza Espa√±a,4.68,53,60,Madrid,4,1,2,1
152,Private room in Justicia,Habitaci√≥n Chue Ext Dcha,4.18,11,27,Madrid,2,1,1,1
155,Entire rental unit in La Latina,Cozy Apartment Madrid,4.95,20,66,Madrid,3,1,2,1
156,Entire rental unit in Embajadores,MADRID¬¥S lovely apartment,4.30,124,58,Madrid,4,1,1,1
157,Private room in Embajadores,Cozy room in the center of Madrid,4.94,64,34,Madrid,1,1,1,1
158,Entire rental unit in Embajadores,"COZY, CUTE, AND INTIMATE STUDIO  IN LAVAPIES",4.65,173,49,Madrid,2,1,1,1
0,Entire rental unit in Nieuwmarkt en Lastage,"Central, Exclusive Penthouse with River View",4.86,117,241,Amsterdam,4,1,2,1
1,Private room in Amsterdam Centrum,Buenas Noches - The Loft,4.90,486,65,Amsterdam,2,1,1,2
5,Room in boutique hotel in Grachtengordel,Cannabis Friendly (G) Freeland Studio 4,4.44,18,96,Amsterdam,2,1,1,1
6,Entire rental unit in Oud-West,NEW! 4p apartment near all famous hotspots!,4.60,288,133,Amsterdam,4,2,2,1
7,Private room in De Wallen,"Center,Canal View, Private Bathroom",4.89,297,112,Amsterdam,2,1,1,1
8,Entire rental unit in Jordaan,1 Deluxe Retreat Amsterdam,4.53,15,96,Amsterdam,3,1,2,1
9,Private room in Oud-West,Cozy Houseboat Amsterdam,4.91,54,132,Amsterdam,2,1,1,1
10,Private room in De Pijp,Private room near center + free bikes + butler,4.84,280,64,Amsterdam,2,1,1,2
11,Private room in Oud-West,Private Stairway to heaven,4.92,378,99,Amsterdam,2,1,1,1.5
12,Private room in Westelijke Eilanden,Independent BOATstay. Private SUNDECK #2 by VOGUE!,4.97,495,123,Amsterdam,2,1,1,1
13,Private room in Jordaan,Room with Bathroom and Terrace in City Centre,4.85,445,115,Amsterdam,2,1,1,1
15,Entire rental unit in Grachtengordel,Authentic Amsterdam Hideout!,4.78,421,108,Amsterdam,2,1,1,1
17,Entire rental unit in Jordaan,Comfortable apartment + roofterrace,4.96,83,153,Amsterdam,2,1,1,1.5
19,Private room in Oud-West,Central location private room all facillities,4.84,300,57,Amsterdam,2,1,1,1
20,Private room in Bos en Lommer,Centraal gelegen kamer in Amsterdam,4.67,281,58,Amsterdam,2,1,1,1.5
22,Private room in Jordaan,New Studio appartment Jordaan,4.60,250,94,Amsterdam,2,1,1,1
23,Private room in De Wallen,"Renovated, Cozy Room in City Centre",4.61,163,81,Amsterdam,2,1,1,1
24,Room in boutique hotel in De Pijp,Deluxe Suite Outdoor Patio | City Center | De Pijp,4.92,36,119,Amsterdam,2,1,1,1
25,Entire rental unit in Jordaan,Private canal apartment city centre,4.72,70,141,Amsterdam,2,1,1,1
26,Entire rental unit in Westelijke Eilanden,Central Located Studio | 15 min walk to CS,4.40,55,91,Amsterdam,2,1,0,1.5
27,Private room in Oud-West,Private Room. Garden Apartment. Old West Amsterdam,4.89,174,54,Amsterdam,1,1,1,1.5
28,Room in boutique hotel in Grachtengordel,Room in a charming canal house - 22,4.83,208,71,Amsterdam,2,1,2,1.5
29,Private room in Spaarndammer en Zeeheldenbuurt,Big Bed in private room in CENTER of AMSTERDAM!,4.55,347,67,Amsterdam,1,1,1,1.5
30,Private room in Nieuwmarkt en Lastage,City Centre Canal Studio,4.81,78,102,Amsterdam,2,1,1,1
31,Private room in Nieuwmarkt en Lastage,Nemo Guests House,4.72,216,79,Amsterdam,2,1,1,1
32,Private room in Grachtengordel,NEW! Canal view @k.gracht best location!,4.79,38,102,Amsterdam,2,1,1,1
33,Private room in Bos en Lommer,Comfortable ground floor bedroom close to center,4.85,151,65,Amsterdam,2,1,1,1
34,Private room in Grachtengordel,"Garden Suite, City Centre",4.42,126,101,Amsterdam,2,1,1,1
35,Private room in Oud-West,"Nice room, ground floor, close to the City Centre",4.74,276,67,Amsterdam,2,1,1,1
36,Entire serviced apartment in Grachtengordel,Cannabis Friendly (G) Freeland Studio 2,4.50,6,96,Amsterdam,1,1,1,1
38,Private room in Grachtengordel,Romantic B&B houseboat in the historic center,4.97,76,127,Amsterdam,2,1,1,1.5
39,Private room in Oost,Cozy Houseboat in Centre of Amsterdam,4.78,9,64,Amsterdam,1,1,1,1
40,Hotel room in Grachtengordel,Private luxury studio with Jacuzzi  @ Leidseplein,4.48,272,168,Amsterdam,2,1,1,1
41,Private room in Bos en Lommer,Kamer gelegen in Amsterdam met prive balkon,4.77,291,66,Amsterdam,2,1,1,1.5
42,Private room in Indische Buurt,Private Room / Modern Apartment / Super Clean,4.83,23,58,Amsterdam,2,1,1,1
43,Entire rental unit in Grachtengordel,Loft Leidsegracht - Private studio + Roof terrace!,4.80,142,186,Amsterdam,2,1,1,1
44,Entire rental unit in Amsterdam Centrum,Fancy artists residency in the centre of Amsterdam,4.97,37,157,Amsterdam,3,2,2,1.5
45,Entire rental unit in Bos en Lommer,Willem de Zwijger Luxury Ark,5.0,52,154,Amsterdam,2,1,1,1
46,Entire rental unit in Oud-Zuid,Spectacular Loft - central & quiet!,4.94,353,174,Amsterdam,2,1,1,1
47,Room in boutique hotel in De Pijp,Comfort Dutch Style Orange Room | City Center,4.78,23,92,Amsterdam,2,1,1,1
48,Entire rental unit in Nieuwmarkt en Lastage,Topclass Apartment in the Hearth of Amsterdam,4.79,19,187,Amsterdam,2,1,1,1
49,Private room in Grachtengordel,Quiet bedroom in a canal house. Corona proof.,4.75,178,72,Amsterdam,2,1,1,1
50,Entire guest suite in Oud-West,The Get Away Studio,4.91,237,81,Amsterdam,2,1,1,1
51,Entire serviced apartment in Grachtengordel,Cannabis Friendly Weber Design Studio 3,4.0,17,123,Amsterdam,2,1,1,1
52,Entire rental unit in Westelijke Eilanden,Bright private rooms | Centre of Amsterdam,4.93,192,116,Amsterdam,2,1,2,1
53,Entire serviced apartment in Slotermeer-Noordoost,Hotel2Stay Amsterdam: Standard Double Room,4.73,90,132,Amsterdam,2,1,1,1
54,Private room in De Wallen,Room with private entrance in heart of A'dam,4.69,133,107,Amsterdam,2,1,1,1
55,Private room in IJplein en Vogelbuurt,Private Attic Studio/Roofterrace,4.98,574,99,Amsterdam,2,1,1,1
56,Hotel room in Osdorp,Citiez Hotel Amsterdam: Small Double Room,4.60,392,94,Amsterdam,2,1,1,1
57,Entire rental unit in Nieuwmarkt en Lastage,Amsterdam Houseboat 'Centre',4.77,811,232,Amsterdam,4,2,3,1
58,Private room in Jordaan,Stylish Private Room 1 Min From Anne Frank House,4.80,71,86,Amsterdam,2,1,1,1.5
59,Private room in De Wallen,‚òÖ Just For You ‚òÖ 5m Walk Damsquare,4.78,69,221,Amsterdam,4,2,1,1.5
60,Private room in Oost,David's boat Amsterdam,4.69,202,70,Amsterdam,2,1,1,1
61,Entire rental unit in Hoofddorppleinbuurt,CANAL OASIS STUDIO / VONDELPARK / 2 FREE BIKES,4.92,309,96,Amsterdam,3,1,2,1.5
63,Entire guesthouse in Watergraafsmeer,Sleepover Diemen,4.86,35,100,Amsterdam,2,1,1,1
64,Entire rental unit in Indische Buurt,Apartment with huge roof terrace near Oosterpark!,4.85,66,107,Amsterdam,2,1,1,1.5
65,Private room in Grachtengordel,Private Loft&Bathroom  Ensuite Studio Ctr Amsterda,4.96,611,104,Amsterdam,2,1,1,1
66,Private room in De Pijp,"Clean, Quiet Lovers Retreat Garden View",4.87,530,90,Amsterdam,2,1,1,1
67,Private room in De Pijp,"Clean, Quiet, Lovers Retreat",4.87,625,87,Amsterdam,2,1,1,1
68,Tiny house in Diemen,Luxury loft 15 min from Amsterdam Central Station,4.61,276,52,Amsterdam,2,1,1,1.5
69,Room in boutique hotel in Oud-West,Eco-friendly Double Room + Parking,4.66,74,137,Amsterdam,2,1,1,1
70,Entire rental unit in Slotermeer-Noordoost,Hotel2Stay Amsterdam: Standard Twin Room,4.72,74,132,Amsterdam,2,1,2,1
71,Private room in Indische Buurt,Private room / Super clean / Renovated,4.94,72,58,Amsterdam,2,1,1,1
72,Entire rental unit in Spaarndammer en Zeeheldenbuurt,One-bedroom Apartment,4.54,13,154,Amsterdam,2,1,1,1
74,Private room in De Pijp,"Prime location in ""De Pijp""",4.76,34,61,Amsterdam,1,1,1,1
75,Entire guest suite in Oud-Zuid,"Cosy, Private, Canal view, Museum area, stylish.",4.91,160,158,Amsterdam,2,1,1,1.5
76,Entire rental unit in Jordaan,‚òÖ Amazing Private Jordaan Mansion,4.80,5,223,Amsterdam,4,2,4,1
77,Private room in Grachtengordel,Spacious Stylish room @ Leidseplein,4.86,299,108,Amsterdam,2,1,1,1.5
78,Entire serviced apartment in Slotermeer-Noordoost,Hotel2Stay Amsterdam: Economy Double Room,4.66,241,123,Amsterdam,2,1,1,1
79,Private room in Oud-West,Hotel Not Hotel: Secret Bookcase Whitey the White,4.29,14,105,Amsterdam,2,1,1,1
80,Hotel room in Slotervaart,Comfortable Double Room near Amsterdam Center,4.57,258,103,Amsterdam,2,1,1,1
81,Private room in Grachtengordel,Lil' Dutch Studio,5.0,3,87,Amsterdam,2,1,1,1
82,Entire rental unit in Grachtengordel,(A) The Lux at Leidse Square 3th Floor,4.67,15,290,Amsterdam,4,2,3,1.5
83,Tiny house in Rijsenhout,Very unique 'tiny house' with Hot-tub,5.0,5,84,Amsterdam,2,1,1,1
84,Entire residential home in Osdorp,Ruime woning van 2 tot 4 gasten met gratis fietsen,4.75,141,91,Amsterdam,4,2,2,1
85,Private room in Jordaan,Private Apartment with rooftop terrace center,4.71,172,119,Amsterdam,2,1,1,1.5
86,Entire rental unit in Jordaan,Heart of the Jordaan B&B - Spacious,4.88,295,128,Amsterdam,3,1,1,1
87,Private room in Grachtengordel,Stunning and Private Apartment in Canal House,4.88,306,151,Amsterdam,2,1,0,1.5
88,Entire townhouse in IJplein en Vogelbuurt,"Cosy house with garden, close to the city centre",5.0,10,145,Amsterdam,2,1,1,1
89,Private room in IJplein en Vogelbuurt,"Houseboat,Centre,Garden, Breakfast, Cheap parking",4.80,590,122,Amsterdam,2,1,1,1
91,Room in boutique hotel in Grachtengordel,Cannabis Friendly (C) Freeland Studio 16,4.60,10,129,Amsterdam,4,1,2,1
92,Entire rental unit in Rivierenbuurt,Lovely renovated apartment with airco,4.78,207,122,Amsterdam,2,1,1,1.5
93,Entire residential home in Jordaan,Luxurious Private Design APT | CITY CENTRE | Canal view!,4.22,46,186,Amsterdam,4,2,3,1
94,Room in boutique hotel in Buitenveldert-West,Amsterdam Forest Hotel: Comfort Twin Room,4.66,207,102,Amsterdam,2,1,2,1
95,Entire rental unit in Grachtengordel,Loft Leidsegracht - Private studio,4.77,145,195,Amsterdam,2,1,1,1
96,Private room in Indische Buurt,Luxurious Cozy Studio | Edge Of City Center,4.67,90,62,Amsterdam,2,1,1,1
97,Private room in Indische Buurt,Elegant Stylish Studio | Close 2 City Center,4.60,95,82,Amsterdam,2,1,1,1
98,Room in boutique hotel in Grachtengordel,Superlocated Canalhouse room private ensuite bath,4.68,185,95,Amsterdam,1,1,1,1.5
99,Private room in Stadionbuurt,Charming quite room with fast Wifi,4.57,399,51,Amsterdam,2,1,1,1
